"","aSG_Tory","rG_Eulo","rG_Lestodip","rG_Mesopol","rG_Platy","rG_Tory","rsLG_Eury","rsLG_Lathro","SG_Platy","vLG_Eulo","vLG_Mesopol","vLG_Mymarid","vLG_Platy","vLG_Tory"
"*",0,0,0,0,0,1,0,0,0,0,3,0,2,0
"A",0,0,0,0,0,1,0,0,0,0,0,0,0,0
"B",0,0,0,0,0,1,0,0,0,0,0,0,7,2
"D",0,0,0,0,0,5,2,0,0,0,2,0,8,0
"E",0,0,0,0,0,0,0,0,0,0,2,0,0,0
"F",1,0,0,0,0,0,1,0,0,1,1,0,0,1
"G",0,0,0,0,0,0,0,0,0,0,0,0,1,0
"H",0,0,0,0,0,1,0,0,0,0,0,0,0,1
"I",3,0,1,0,0,1,0,2,0,0,5,0,2,2
"J",0,0,0,0,0,1,0,0,0,1,1,0,0,0
"K",0,1,0,0,0,4,1,0,0,3,3,1,5,3
"L",0,0,0,0,0,0,1,0,0,0,1,0,1,1
"M",0,0,0,0,0,0,1,0,0,0,1,0,0,0
"N",0,0,1,0,0,1,0,0,0,1,0,0,0,0
"O",0,0,0,0,0,1,0,0,0,0,0,0,0,0
"P",0,0,0,0,0,0,0,0,0,0,0,0,1,0
"Q",1,0,1,0,0,1,0,0,0,0,0,0,0,0
"R",0,2,1,0,0,1,0,0,0,0,0,0,0,0
"S",0,0,0,0,1,3,1,0,0,1,3,0,2,4
"T",0,0,0,0,0,0,0,0,0,0,4,0,0,0
"V",0,0,0,0,0,0,0,0,0,2,1,0,5,3
"W",0,0,1,0,2,0,0,0,0,0,1,0,3,0
"X",0,1,0,1,1,1,0,0,0,1,4,0,16,0
"Y",0,0,0,0,0,0,0,0,5,0,0,0,1,2
"Z",0,0,0,0,1,2,0,0,0,1,2,0,1,1
