"","Genotype","aSG_Tory","rG_Eulo","rG_Lestodip","rG_Mesopol","rG_Platy","rG_Tory","rsLG_Eury","rsLG_Lathro","SG_Platy","vLG_Eulo","vLG_Mesopol","vLG_Mymarid","vLG_Platy","vLG_Tory","Richobs"
"*","*",0,0,0,0,0,1,0,0,0,0,3,0,2,0,3
"A","A",0,0,0,0,0,2,0,0,0,0,0,0,0,0,1
"B","B",0,0,0,0,0,1,0,0,0,0,0,0,13,4,3
"D","D",0,0,0,0,0,4,2,0,0,0,2,0,7,0,4
"E","E",0,0,0,0,0,0,0,0,0,0,3,0,0,0,1
"F","F",1,0,0,0,0,0,1,0,0,2,2,0,0,2,5
"G","G",0,0,0,0,0,0,0,0,0,0,0,0,1,0,1
"H","H",0,0,0,0,0,1,0,0,0,0,0,0,0,1,2
"I","I",3,0,1,0,0,1,0,2,0,0,5,0,2,2,7
"J","J",0,0,0,0,0,1,0,0,0,1,1,0,0,0,3
"K","K",0,2,0,0,0,7,2,0,0,5,6,1,10,5,8
"L","L",0,0,0,0,0,0,1,0,0,0,2,0,2,2,4
"M","M",0,0,0,0,0,0,1,0,0,0,2,0,0,0,2
"N","N",0,0,1,0,0,1,0,0,0,1,0,0,0,0,3
"O","O",0,0,0,0,0,1,0,0,0,0,0,0,0,0,1
"P","P",0,0,0,0,0,0,0,0,0,0,0,0,1,0,1
"Q","Q",1,0,1,0,0,2,0,0,0,0,0,0,0,0,3
"R","R",0,4,1,0,0,1,0,0,0,0,0,0,0,0,3
"S","S",0,0,0,0,1,5,2,0,0,2,5,0,3,7,7
"T","T",0,0,0,0,0,0,0,0,0,0,5,0,0,0,1
"U","U",0,0,0,0,0,0,0,0,0,0,0,0,0,0,0
"V","V",0,0,0,0,0,0,0,0,0,3,2,0,10,6,4
"W","W",0,0,1,0,2,0,0,0,0,0,1,0,3,0,4
"X","X",0,1,0,1,1,2,0,0,0,1,5,0,22,0,7
"Y","Y",0,0,0,0,0,0,0,0,9,0,0,0,1,3,3
"Z","Z",0,1,0,0,2,6,0,0,0,2,6,0,5,2,7
